{
    "$schema": "https://schema.management.azure.com/schemas/2019-04-01/deploymentTemplate.json#",
    "contentVersion": "1.0.0.0",
    "parameters": {},
    "variables": {},
    "resources": [
        {
            "type": "Microsoft.Network/networkSecurityGroups",
            "apiVersion": "2023-11-01",
            "name": "labo0708-vm-nsg",
            "location": "westeurope",
            "properties": {
                "securityRules": [
                    {
                        "name": "SSH",
                        "id": "[resourceId('Microsoft.Network/networkSecurityGroups/securityRules', 'labo0708-vm-nsg', 'SSH')]",
                        "type": "Microsoft.Network/networkSecurityGroups/securityRules",
                        "properties": {
                            "description": "Règle qui permet d'accèder qu'avec l'adresse IP de helmo publique ",
                            "protocol": "TCP",
                            "sourcePortRange": "*",
                            "destinationPortRange": "22",
                            "sourceAddressPrefix": "91.121.216.25",
                            "destinationAddressPrefix": "*",
                            "access": "Allow",
                            "priority": 300,
                            "direction": "Inbound",
                            "sourcePortRanges": [],
                            "destinationPortRanges": [],
                            "sourceAddressPrefixes": [],
                            "destinationAddressPrefixes": []
                        }
                    }
                ]
            }
        },
        {
            "type": "Microsoft.Network/networkSecurityGroups/securityRules",
            "apiVersion": "2023-11-01",
            "name": "labo0708-vm-nsg/SSH",
            "dependsOn": [
                "[resourceId('Microsoft.Network/networkSecurityGroups', 'labo0708-vm-nsg')]"
            ],
            "properties": {
                "description": "Règle qui permet d'accèder qu'avec l'adresse IP de helmo publique ",
                "protocol": "TCP",
                "sourcePortRange": "*",
                "destinationPortRange": "22",
                "sourceAddressPrefix": "91.121.216.25",
                "destinationAddressPrefix": "*",
                "access": "Allow",
                "priority": 300,
                "direction": "Inbound",
                "sourcePortRanges": [],
                "destinationPortRanges": [],
                "sourceAddressPrefixes": [],
                "destinationAddressPrefixes": []
            }
        }
    ]
}